event_name,Date
EZBB0405,4/5/2024
EZBB0406,4/6/2024
EZBB0407,4/7/2024
EZBB0408,4/8/2024
EZBB0409,4/9/2024
EZBB0410,4/10/2024
EZBB0411,4/11/2024
EZBB0419,4/19/2024
EZBB0420,4/20/2024
EZBB0421,4/21/2024
EZBB0422,4/22/2024
EZBB0423,4/23/2024
EZBB0424,4/24/2024
EZBB0426,4/26/2024
EZBB0427,4/27/2024
EZBB0428,4/28/2024
EZBB0507,5/7/2024
EZBB0508,5/8/2024
EZBB0513,5/13/2024
EZBB0514,5/14/2024
EZBB0515,5/15/2024
EZBB0517,5/17/2024
EZBB0518,5/18/2024
EZBB0519,5/19/2024
EZBB0520,5/20/2024
EZBB0527,5/27/2024
EZBB0528,5/28/2024
EZBB0529,5/29/2024
EZBB0530,5/30/2024
EZBB0531,5/31/2024
EZBB0601,6/1/2024
EZBB0602,6/2/2024
EZBB0614,6/14/2024
EZBB0615,6/15/2024
EZBB0616,6/16/2024
EZBB0617,6/17/2024
EZBB0618,6/18/2024
EZBB0619,6/19/2024
EZBB0628,6/28/2024
EZBB0629,6/29/2024
EZBB0630,6/30/2024
EZBB0702,7/2/2024
EZBB0703,7/3/2024
EZBB0704,7/4/2024
EZBB0705,7/5/2024
EZBB0706,7/6/2024
EZBB0707,7/7/2024
EZBB0719,7/19/2024
EZBB0720,7/20/2024
EZBB0721,7/21/2024
EZBB0722,7/22/2024
EZBB0723,7/23/2024
EZBB0724,7/24/2024
EZBB0801,8/1/2024
EZBB0802,8/2/2024
EZBB0803,8/3/2024
EZBB0804,8/4/2024
EZBB0806,8/6/2024
EZBB0807,8/7/2024
EZBB0808,8/8/2024
EZBB0820,8/20/2024
EZBB0821,8/21/2024
EZBB0822,8/22/2024
EZBB0823,8/23/2024
EZBB0824,8/24/2024
EZBB0825,8/25/2024
EZBB0903,9/3/2024
EZBB0904,9/4/2024
EZBB0905,9/5/2024
EZBB0906,9/6/2024
EZBB0907,9/7/2024
EZBB0908,9/8/2024
EZBB0913,9/13/2024
EZBB0914,9/14/2024
EZBB0915,9/15/2024
EZBB0916,9/16/2024
EZBB0924,9/24/2024
EZBB0925,9/25/2024
EZBB0927,9/27/2024
EZBB0928,9/28/2024
EZBB0929,9/29/2024
